物件名,路線名,駅名,駅までの距離（徒歩/分）,間取り,階,家賃,住所
7階建 築43年,ＪＲ山手線,御徒町駅,5,2LDK,2,17.5,千代田区外神田６
11階建 築50年,丸ノ内線,新大塚駅,1,2DK,6,13,文京区大塚４
アヴァンティーク銀座2丁目参番館,日比谷線,東銀座駅,3,2DK,9,20,中央区銀座２
8階建 築20年,ＪＲ山手線,秋葉原駅,5,2DK,6,14,千代田区神田須田町１
4階建 築59年,丸ノ内線,中野新橋駅,3,2K,1,6.8,中野区弥生町２
レジディア秋葉原,ＪＲ山手線,秋葉原駅,8,2K,11,13.3,台東区上野５
トーシンフェニックス日本橋兜町弐番館,都営浅草線,日本橋駅,3,2DK,3,17,中央区日本橋兜町
松本ビル,日比谷線,三ノ輪駅,5,2DK,4,8.7,荒川区南千住２
向原パークハイツ,副都心線,小竹向原駅,4,2DK,3,11.5,板橋区向原１
アヴァンティーク東銀座,日比谷線,東銀座駅,3,2SK,4,15.1,中央区築地４
4階建 築53年,有楽町線,月島駅,2,2LDK,2,18.7,中央区月島１
レジディア神田岩本町2,都営新宿線,岩本町駅,3,2K,11,15.5,千代田区岩本町２
ＬＯＡＳＩ,ＪＲ山手線,日暮里駅,5,2DK,1,11.1,荒川区西日暮里３
鶯谷タウンプラザ,ＪＲ山手線,鶯谷駅,3,2DK,11,12.5,台東区根岸１
湯島ハイタウン,千代田線,湯島駅,1,2LDK,14,16,文京区湯島４
ニュー松が谷マンション,銀座線,田原町駅,5,2K,8,7.9,台東区松が谷１
明石町ツインクロス,有楽町線,新富町駅,1,2K,5,12.5,中央区明石町
RBM東八重洲レジデンス,都営浅草線,宝町駅,4,2DK,12,17,中央区八丁堀２
アヴァンティーク銀座一丁目,銀座線,銀座駅,8,2K,4,15.6,中央区銀座１
11階建 築41年,ＪＲ山手線,上野駅,8,2LDK,9,20,台東区東上野５
杉林ビル,銀座線,末広町駅,5,2DK,2,10,文京区湯島１
パートナーシップアパートメント,日比谷線,八丁堀駅,4,2LDK,3,17.9,中央区新川２
フレンシア御徒町,日比谷線,仲御徒町駅,3,2LDK,2,18.3,台東区東上野１
ケンハイム,ＪＲ山手線,日暮里駅,4,2K,5,7,荒川区西日暮里２
SKレジデンス,ＪＲ山手線,大塚駅,4,2DK,4,14.4,豊島区南大塚３
5階建 築46年,丸ノ内線,本郷三丁目駅,5,2DK,3,14.5,文京区本郷３
7階建 築54年,ＪＲ山手線,新宿駅,5,2DK,4,10.5,渋谷区代々木２
MYE新宿御苑,丸ノ内線,新宿御苑前駅,1,2DK,6,11.9,新宿区新宿１
4階建 築51年,丸ノ内線,中野富士見町駅,5,2DK,3,10,中野区弥生町２
梅里住宅,丸ノ内線,新高円寺駅,5,2DK,1,8.3,杉並区梅里１
5階建 築34年,丸ノ内線,新高円寺駅,5,2LDK,1,16.9,杉並区梅里１
張替ビル,銀座線,田原町駅,4,3LDK,3,19.5,台東区寿４
ライオンズマンション入船,有楽町線,新富町駅,3,2DK,4,13,中央区入船２
サンライズ神楽坂,都営大江戸線,牛込神楽坂駅,4,2DK,1,11.2,新宿区神楽坂３
サンパークマンション千代田,ＪＲ総武線,飯田橋駅,2,2DK,10,16,千代田区飯田橋２
秋場ビル,丸ノ内線,新宿御苑前駅,3,2DK,5,16.5,新宿区新宿２
地下1地上9階建 新築,千代田線,湯島駅,5,2LDK,1,18,文京区湯島３
バークレーコート御徒町,日比谷線,仲御徒町駅,3,2DK,1,13.8,台東区台東３
グランドメゾン新高円寺,丸ノ内線,新高円寺駅,5,2LDK,3,12,杉並区梅里１
アクシルコート銀座イースト,有楽町線,新富町駅,3,3LDK,10,18.5,中央区新富１
7階建 築46年,日比谷線,広尾駅,4,2K,6,13.5,港区南麻布５
地下1地上15階建 築19年,銀座線,神田駅,2,2K,5,14,千代田区神田須田町２
ベルビュー板倉,有楽町線,要町駅,5,2K,2,8.5,板橋区南町
ラヴィ一越,副都心線,千川駅,5,2K,1,8,板橋区向原１
大谷口ガーデンマンションF棟,有楽町線,千川駅,4,4DK,3,16.5,板橋区大谷口２
7階建 築29年,丸ノ内線,中野富士見町駅,4,2LDK,2,12.92,中野区弥生町２
3階建 築49年,ＪＲ山手線,新大久保駅,5,2K,1,13.5,新宿区大久保１
12階建 築17年,銀座線,田原町駅,3,2K,2,12.8,台東区寿１
14階建 築18年,都営浅草線,人形町駅,3,2DK,13,20,中央区日本橋堀留町２
11階建 築53年,都営大江戸線,勝どき駅,5,2K,3,9.8,中央区月島４
9階建 築36年,東西線,西葛西駅,4,3DK,3,11,江戸川区西葛西７
Jパレス桜台,副都心線,氷川台駅,5,2LDK,5,13.8,練馬区桜台３
池之端戸建て２０１,千代田線,根津駅,3,3K,2,9.5,台東区池之端２
奥山方,ＪＲ山手線,日暮里駅,5,4K,1,15,荒川区西日暮里２
赤塚戸建,東武東上線,下赤塚駅,8,2LDK,1,12.5,板橋区赤塚２
10階建 築17年,有楽町線,新富町駅,2,2DK,8,17.3,中央区新富２
富士見マンション,丸ノ内線,中野富士見町駅,5,2DK,1,8.9,中野区弥生町５
浅草国際コーポ,つくばエクスプレス,浅草駅,2,4LDK,7,15.9,台東区西浅草２
シルバーマンション,ＪＲ中央線,中野駅,5,2K,3,7.3,中野区中野３
7階建 築53年,丸ノ内線,新大塚駅,4,2K,4,7.5,文京区大塚５
音羽家,有楽町線,護国寺駅,5,2K,-,9,文京区目白台３
15階建 新築,ＪＲ山手線,御徒町駅,4,2LDK,4,18.7,台東区東上野１
12階建 築26年,丸ノ内線,東高円寺駅,5,2LDK,2,17,杉並区梅里１
3階建 築39年,千代田線,千駄木駅,5,2DK,2,12.5,台東区谷中３
旭泉マンション,ＪＲ山手線,駒込駅,3,2DK,1,11,北区中里２
青南ハイツ,ＪＲ中央線,中野駅,4,2DK,2,9.9,中野区中野３
ジオエント浅草雷門,都営浅草線,浅草駅,4,2DK,2,18.4,台東区雷門１
サンハイツ落合,東西線,落合駅,4,2DK,6,12,中野区東中野３
杉山ビル,有楽町線,月島駅,3,2K,4,6.6,中央区月島１
SEハイツ,ＪＲ山手線,駒込駅,5,3DK,2,13.8,北区西ケ原１
ライオンズプラザ池袋,ＪＲ山手線,池袋駅,10,2K,12,9.3,豊島区東池袋４
ヴェルデューラ,有楽町線,地下鉄成増駅,5,2DK,1,10,板橋区成増３
5階建 築50年,ＪＲ山手線,西日暮里駅,5,2K,5,7.5,北区田端新町１
10階建 築52年,半蔵門線,半蔵門駅,3,2DK,6,11,千代田区平河町２
メゾン美羅樹ＩＩ,丸ノ内線,新高円寺駅,5,2DK,1,12.5,杉並区梅里１
矢来町１２５,東西線,神楽坂駅,1,5K,2,20,新宿区矢来町
マンション富士,ＪＲ山手線,新大久保駅,4,2K,3,11.5,新宿区百人町２
ドリーム・ビラ,西武池袋線,椎名町駅,5,2DK,2,14.2,豊島区西池袋４
メルベーユ・セイワ,有楽町線,氷川台駅,5,3DK,4,11.9,練馬区氷川台３
藍工房ビル,千代田線,根津駅,1,2DK,4,9.5,文京区根津１
3階建 築43年,千代田線,代々木上原駅,5,2DK,2,13.5,渋谷区西原２
庚申ビル,日比谷線,神谷町駅,2,2DK,2,15.5,港区虎ノ門３
3階建 築35年,丸ノ内線,東高円寺駅,5,2LDK,2,19.5,中野区本町６
9階建 築36年,ＪＲ京浜東北線,大井町駅,4,2SDK,3,18,品川区大井１
ターゲサンハイム,副都心線,地下鉄赤塚駅,5,2K,5,8,練馬区北町８
藤和池袋コープ,湘南新宿ライン宇須,池袋駅,7,2K,3,10.5,豊島区西池袋５
4階建 築44年,東西線,早稲田駅,5,2K,4,9,新宿区早稲田鶴巻町
グリーンハイツ中野,丸ノ内線,新中野駅,4,4DK,4,14.5,中野区中央４
アーク氷川台,有楽町線,氷川台駅,4,3DK,3,11,練馬区早宮１
高田馬場住宅,ＪＲ山手線,高田馬場駅,5,2LDK,7,12.5,新宿区下落合２
ハクジュウハイツ,ＪＲ山手線,目白駅,4,2DK,3,12,豊島区目白３
ばんはいむ,ＪＲ山手線,駒込駅,2,2K,1,9.5,豊島区駒込１
5階建 築57年,丸ノ内線,中野新橋駅,4,2LDK,5,10.3,中野区本町３
2階建 築49年,副都心線,小竹向原駅,3,2K,2,5.3,練馬区小竹町２
9階建 築47年,ＪＲ京浜東北線,蒲田駅,4,3DK,5,12.8,大田区西蒲田８
土田マンション,都営大江戸線,新御徒町駅,4,2DK,4,12.4,台東区台東４
第2ドミール森田,東西線,西葛西駅,4,3DK,4,9.7,江戸川区西葛西５
内藤コーポ,東西線,木場駅,4,2K,4,8,江東区木場６
5階建 築45年,ＪＲ山手線,駒込駅,4,2DK,2,10,北区西ケ原１
ベラモンターナ,有楽町線,平和台駅,5,3DK,3,12.4,練馬区春日町２
ハイツタカノ,ＪＲ山手線,大塚駅,5,2DK,1,8,豊島区南大塚１
ベル・ヴェ・デール氷川台,有楽町線,氷川台駅,3,3LDK,3,12.5,練馬区氷川台３
3階建 築55年,有楽町線,地下鉄赤塚駅,4,2K,3,7.5,練馬区田柄２
阿部様邸,ＪＲ中央線,東中野駅,6,2K,1-2,10,中野区東中野４
鳳明マンション,丸ノ内線,本郷三丁目駅,5,2DK,4,17,文京区本郷１
第21宮廷マンション,丸ノ内線,新大塚駅,1,2DK,6,14,文京区大塚４
5階建 築53年,東西線,早稲田駅,3,2DK,5,8.8,新宿区早稲田鶴巻町
波多野ハイツ,丸ノ内線,新中野駅,2,2K,2,10.7,中野区中央４
3階建 築38年,有楽町線,池袋駅,5,2LDK,3,13,豊島区西池袋２
セントラル第一青山,銀座線,外苑前駅,5,2K,2,9.8,港区南青山４
5階建 築45年,千代田線,綾瀬駅,1,3K,3,10,足立区綾瀬３
3階建 築45年,東武東上線,成増駅,8,2DK,2,8,練馬区旭町３
古屋ガーデンマンション,有楽町線,小竹向原駅,5,3DK,1,10.6,板橋区向原３
赤塚2貸家,副都心線,地下鉄赤塚駅,4,3LDK,1,18,板橋区赤塚２
パークハイツ綾瀬,千代田線,綾瀬駅,1,2DK,1,7.8,足立区綾瀬３
コーポ静山,有楽町線,小竹向原駅,5,2DK,2,7,板橋区向原２
尾高ビル,有楽町線,江戸川橋駅,1,2K,3,6.9,文京区関口１
7階建 築30年,有楽町線,氷川台駅,5,3LDK,5,15.7,練馬区桜台３
2階建 築70年,日比谷線,入谷駅,1,3LDK,1-2,13.5,台東区入谷１
SE・スクエア,東西線,西葛西駅,5,4LDK,4,14.3,江戸川区西葛西６
ルミエール落合,東西線,落合駅,1,2SLDK,3,16.2,中野区東中野４
STビル鶯谷,ＪＲ京浜東北線,鶯谷駅,2,2DK,3,9.6,台東区根岸２
コーポ中山,ＪＲ山手線,目白駅,3,2K,2,8.6,新宿区下落合２
レジデンス東郷,丸ノ内線,中野坂上駅,5,2LDK,2,16,中野区本町２
月島四丁目住宅,都営大江戸線,月島駅,5,2LDK,7,6,中央区月島４
須山ビルエンゼルハイム蒲田,ＪＲ京浜東北線,蒲田駅,5,2SLDK,1,13.5,大田区蒲田５
スリーエム,有楽町線,要町駅,5,2K,2,6,豊島区要町２
2階建 築44年,東武東上線,下赤塚駅,7,3LDK,1-2,18,板橋区赤塚２
K′S新中野,丸ノ内線,新中野駅,4,2DK,4,15.3,中野区本町４
5階建 築50年,千代田線,代々木上原駅,2,2DK,3,14,渋谷区西原３
高円寺サンハイツ,丸ノ内線,東高円寺駅,2,2DK,1,11.5,杉並区高円寺南１
5階建 築34年,有楽町線,氷川台駅,2,3DK,2,10.8,練馬区早宮１
赤坂ミツワビル,千代田線,赤坂駅,4,2DK,6,13.5,港区赤坂６
旭町マンション,東武東上線,成増駅,6,2K,2,6,練馬区旭町３
カールトンコート,丸ノ内線,新高円寺駅,5,2LDK,2,15.4,杉並区堀ノ内３
小茂根１丁目　貸家,有楽町線,小竹向原駅,2,2LDK,-,13.5,板橋区小茂根１
3階建 築39年,ＪＲ山手線,目白駅,5,2LDK,2,13,豊島区西池袋２
ハイム・セクオイア,ＪＲ山手線,大塚駅,5,2K,2,10,豊島区南大塚２
ホワイトコート駒込,ＪＲ山手線,駒込駅,3,2K,2,7.9,豊島区駒込２
第1三原コーポ,有楽町線,小竹向原駅,4,2K,2,7.8,板橋区向原１
菱和パレス駒込,ＪＲ山手線,駒込駅,3,2K,5,8.5,北区中里１
成子坂ハイツ,丸ノ内線,西新宿駅,4,2LDK,4,16,新宿区西新宿６
ライオンズマンション西葛西前,東西線,西葛西駅,2,4LDK,13,19.5,江戸川区西葛西６
2階建 築50年,ＪＲ山手線,西日暮里駅,5,2K,1,4.2,荒川区西日暮里５
メゾン清田,東西線,落合駅,1,2K,1,8.8,中野区東中野４
9階建 築50年,日比谷線,入谷駅,5,2DK,6,9.8,台東区根岸４
三光マンション,千代田線,根津駅,5,2K,1,7.4,文京区根津２
梅里マンション,丸ノ内線,新高円寺駅,3,2DK,3,9.5,杉並区梅里１
14階建 築42年,ＪＲ山手線,池袋駅,10,2K,3,11.5,豊島区東池袋４
2階建 築70年,日比谷線,茅場町駅,4,3DK,1-2,18,中央区新川１
神楽坂ココハイツ,東西線,神楽坂駅,5,2DK,6,13.5,新宿区築地町
11階建 築45年,ＪＲ山手線,大崎駅,5,2LDK,9,18.6,品川区北品川５
マンション小石川台,丸ノ内線,新大塚駅,3,2DK,2,14.5,文京区大塚５
司ハイツ,千代田線,北綾瀬駅,5,2K,1,6,足立区加平１
11階建 築33年,ＪＲ京浜東北線,大井町駅,5,2DK,10,11.7,品川区東大井４
竹中マンション,東西線,落合駅,3,2K,2,9.2,新宿区上落合２
6階建 築36年,丸ノ内線,方南町駅,2,2K,5,9.9,杉並区和泉４
グリーンヒルズII,東武東上線,下赤塚駅,4,3DK,2,11.5,板橋区赤塚２
テレパレス阿佐ヶ谷の杜,丸ノ内線,南阿佐ケ谷駅,5,2LDK,3,17.3,杉並区成田東４
地下1地上13階建 築43年,有楽町線,地下鉄成増駅,1,3DK,7,11,板橋区成増２
池之端２丁目戸建,千代田線,根津駅,3,3DK,-,12,台東区池之端２
第二藤美荘,千代田線,綾瀬駅,4,2K,1,5.8,葛飾区小菅４
根津２丁目戸建て,千代田線,根津駅,4,2LDK,-,15.4,文京区根津２
丸定ビル,丸ノ内線,新大塚駅,1,2K,7,8.8,豊島区東池袋５
ドルチェ落合,東西線,落合駅,5,2DK,5,12,新宿区上落合１
銀座コーポ,ＪＲ山手線,駒込駅,1,2DK,2,10,北区中里２
柏倉ビル,ＪＲ山手線,日暮里駅,5,2K,2,9,荒川区東日暮里５
ペルシェール西葛西,東西線,西葛西駅,2,4LDK,5,14,江戸川区西葛西３
マンション檀,丸ノ内線,本郷三丁目駅,3,2DK,4,12.7,文京区本郷２
MK新大塚マンション,ＪＲ山手線,大塚駅,7,2DK,6,7.6,豊島区東池袋５
グランヴィラ綾瀬,千代田線,北綾瀬駅,3,2DK,11,7.8,足立区谷中２
Ｋフラッツ,ＪＲ中央線,飯田橋駅,7,2LDK,4,13.9,千代田区富士見１
3階建 築79年,日比谷線,三ノ輪駅,5,2DK,3,9,荒川区南千住２
5階建 築42年,有楽町線,氷川台駅,3,2LDK,2,12.3,練馬区桜台３
ビュー小石川,丸ノ内線,茗荷谷駅,5,2DK,3,12,文京区小石川５
3階建 築57年,ＪＲ中央線,中野駅,5,2K,2,10.7,中野区中野３
地下1地上5階建 築41年,丸ノ内線,中野新橋駅,4,2DK,1,11.4,中野区本町３
12階建 築26年,銀座線,溜池山王駅,5,2K,4,16,港区赤坂２
3階建 築41年,丸ノ内線,方南町駅,3,2DK,1,11.5,杉並区方南２
西蒲田スカイハイツ,ＪＲ京浜東北線,蒲田駅,4,2DK,10,11.5,大田区西蒲田８
5階建 築52年,ＪＲ京浜東北線,大井町駅,2,2LDK,5,15.8,品川区東大井５
山田ビル,ＪＲ山手線,駒込駅,5,2K,3,9,北区田端４
蓮都家（レントハウス）,銀座線,稲荷町駅,4,2K,1,12,台東区東上野６
サンフラット,東武東上線,下赤塚駅,2,2DK,2,8.1,板橋区赤塚２
マンショントライポート,東西線,神楽坂駅,12,2K,4,7.8,新宿区山吹町
7階建 築51年,ＪＲ中央線,荻窪駅,5,3DK,5,10.9,杉並区荻窪４
信濃町アジアマンション,丸ノ内線,四谷三丁目駅,4,2DK,3,13.5,新宿区須賀町
トーカンマンション代々木上原,小田急線,代々木上原駅,1,2DK,4,16.4,渋谷区上原１
高村ビル,ＪＲ山手線,駒込駅,2,2K,3,6.8,豊島区駒込１
上野マンション,有楽町線,平和台駅,5,2DK,2,8.9,練馬区北町７
Ｏ’ｓハウス,丸ノ内線,中野坂上駅,3,2K,1,7,中野区本町２
手塚宅,有楽町線,東池袋駅,4,2DK,1-2,8.5,豊島区東池袋５
5階建 築54年,ＪＲ総武線,荻窪駅,4,3K,5,8,杉並区荻窪４
ウエストヒル,ＪＲ中央線,中野駅,5,2K,1,10,中野区中野３
サニーコーポＫ,東西線,木場駅,3,2DK,4,10,江東区木場６
ピトレスク弥生,千代田線,根津駅,4,3DK,3,17,文京区弥生２
ピトレスク弥生,千代田線,根津駅,4,3DK,3,17,文京区根津２
第2三功マンション,副都心線,千川駅,3,3DK,3,15.8,豊島区要町３
町屋第2Mビル,千代田線,町屋駅,1,3K,8,12.7,荒川区荒川６
ポートサイドビル,ＪＲ京葉線,八丁堀駅,4,2K,3,7.3,中央区湊１
5階建 築27年,ＪＲ中央線,荻窪駅,2,2DK,3,13.6,杉並区荻窪５
3階建 築64年,千代田線,湯島駅,3,2K,3,7.5,文京区湯島３
3階建 築45年,ＪＲ山手線,新大久保駅,5,2DK,3,13.5,新宿区大久保１
ジェイパーク大崎,ＪＲ山手線,大崎駅,5,2DK,5,14,品川区大崎２
町屋一丁目戸建,京成本線,町屋駅,3,3LDK,1,15,荒川区町屋１
スカイフラッツ向陽草,有楽町線,小竹向原駅,4,3K,1,9.8,板橋区向原１
ヘレンハウゼ,ＪＲ山手線,新大久保駅,5,2DK,3,10.9,新宿区百人町２
シノセビル,ＪＲ山手線,西日暮里駅,5,2K,4,7,北区田端新町１
ハイツアゼリア,有楽町線,平和台駅,2,2DK,3,11.2,練馬区早宮２
スカイフラッツ・ボアヴェール,有楽町線,小竹向原駅,5,3DK,1,12.7,板橋区向原１
竹内ビル,東西線,門前仲町駅,4,2K,4,6.8,江東区永代２
11階建 築43年,銀座線,田原町駅,3,3LDK,11,19,台東区西浅草１
8階建 築48年,千代田線,町屋駅,5,2LDK,5,9,荒川区荒川４
ヴィラロイヤル,千代田線,町屋駅,5,3DK,4,11.5,荒川区荒川４
大野荘,有楽町線,千川駅,5,2K,2,6.5,板橋区向原１
4階建 築50年,ＪＲ山手線,大塚駅,5,2LDK,3,14,豊島区東池袋２
ウエストヒル町屋,千代田線,町屋駅,1,2LDK,5,15,荒川区荒川６
4階建 築37年,有楽町線,地下鉄成増駅,4,3LDK,2,13.8,板橋区成増１
ヒルサイドテラス,千代田線,根津駅,5,2DK,1,12,台東区池之端３
中山マンション,ＪＲ山手線,日暮里駅,5,2DK,3,11,荒川区西日暮里２
桂荘,千代田線,町屋駅,4,2K,2,5.5,荒川区町屋２
五味マンション,丸ノ内線,新中野駅,5,2K,2,8.5,中野区本町４
グレースレジデンス,日比谷線,三ノ輪駅,4,3LDK,2,16.4,荒川区南千住５
5階建 築43年,ＪＲ山手線,西日暮里駅,4,2K,3,9,荒川区西日暮里２
第１麻生ビル,東急東横線,中目黒駅,5,2K,2,10,目黒区上目黒２
コーポ代々木上原,小田急線,代々木上原駅,1,2K,5,10.2,渋谷区西原３
エステ－ジ築地,日比谷線,築地駅,5,2LDK,5,17.5,中央区築地７
9階建 築54年,有楽町線,江戸川橋駅,2,3K,5,11.5,文京区関口１
パレーシャル35,千代田線,根津駅,3,2DK,2,11.7,文京区根津２
7階建 築55年,銀座線,外苑前駅,5,2DK,5,20,港区南青山４
5階建 築36年,丸ノ内線,東高円寺駅,5,2DK,2,9.5,杉並区梅里１
西池袋ローヤルコーポ,副都心線,要町駅,1,2LDK,6,14,豊島区西池袋５
2階建 築54年,千代田線,根津駅,2,2K,1,7.5,文京区根津２
8階建 築53年,ＪＲ中央線,荻窪駅,5,2K,4,9.5,杉並区荻窪３
岩本町ビル,ＪＲ総武線快速,馬喰町駅,4,2DK,4,18,千代田区岩本町１
藤和護国寺コープ,有楽町線,東池袋駅,5,2DK,2,12,文京区大塚６
シャーメゾンステージ秋葉原,ＪＲ山手線,秋葉原駅,4,2K,12,15.2,千代田区神田佐久間河岸
エスト・メール東大井,ＪＲ京浜東北線,大井町駅,5,2DK,2,14.4,品川区東大井６
地下1地上8階建 築45年,有楽町線,東池袋駅,5,2DK,5,11,文京区大塚６
アソシエ―ル護国寺,有楽町線,護国寺駅,8,3LDK,2,18.9,文京区大塚６
中野区本町6丁目20-15戸建,丸ノ内線,新中野駅,3,3LDK,3,19,中野区本町６
13階建 築2年,日比谷線,入谷駅,3,2LDK,3,18.8,台東区下谷１
サンライズ駒込,ＪＲ山手線,駒込駅,3,2K,2,8,豊島区駒込３
市谷伊東ハイム,有楽町線,市ケ谷駅,2,3DK,4,15,新宿区市谷田町２
5階建 築56年,ＪＲ京浜東北線,大井町駅,5,2DK,3,12,品川区南品川６
グリーンハイツ本郷,都営大江戸線,春日駅,4,2K,3,10,文京区本郷１
4階建 築35年,丸ノ内線,本郷三丁目駅,5,2LDK,3,17,文京区本郷３
公視ビル,東西線,早稲田駅,5,2K,4,7.8,新宿区戸山１
ブリリアイスト駒込,ＪＲ山手線,駒込駅,5,2DK,3,16.5,北区西ケ原１
3階建 築27年,有楽町線,氷川台駅,5,2DK,3,9.8,練馬区氷川台４
7階建 築52年,ＪＲ中央線,荻窪駅,5,2K,4,9,杉並区上荻１
ナリキビル,ＪＲ山手線,田端駅,5,2DK,2,11,北区田端２
Totsu Central Residence,丸ノ内線,新大塚駅,1,2DK,4,16,豊島区南大塚２
ストーク中村,ＪＲ京浜東北線,大井町駅,5,2DK,4,12.5,品川区大井１
世継ビル,丸ノ内線,方南町駅,1,2K,5,8.8,杉並区堀ノ内１
ハイエスト荻窪,丸ノ内線,荻窪駅,3,2LDK,13,19,杉並区荻窪５
2階建 築38年,副都心線,地下鉄赤塚駅,5,2LDK,1-2,12.5,板橋区赤塚２
中野坂上ダイヤハイツ,丸ノ内線,中野坂上駅,1,2K,5,11.8,中野区本町２
3階建 築50年,東西線,落合駅,4,2DK,2,9,中野区東中野４
メゾンハギ,ＪＲ山手線,池袋駅,10,2DK,1,15.1,豊島区西池袋５
アーバンパレス千駄木,千代田線,千駄木駅,1,2K,4,8.7,文京区千駄木３
メゾンド巣鴨,ＪＲ山手線,巣鴨駅,5,3DK,2,16,豊島区巣鴨１
Ｌｉｌｙｃｏｌｏｒ,副都心線,地下鉄赤塚駅,5,2DK,1,8,板橋区赤塚２
メゾンジュン,ＪＲ常磐線,南千住駅,5,2DK,2,8.5,荒川区南千住５
ひいらぎビル,東西線,門前仲町駅,1,2K,2,7.3,江東区門前仲町２
小玉荘,千代田線,根津駅,4,2K,2,6.6,台東区池之端２
12階建 築49年,ＪＲ山手線,鶯谷駅,6,2LDK,11,13,台東区根岸３
TOPKAPI(トプカピ),小田急線,代々木上原駅,5,2K,1,12,渋谷区西原３
ライオンズマンション日暮里前,ＪＲ山手線,日暮里駅,2,3DK,4,16.8,荒川区東日暮里５
グリーンハイム,東武東上線,成増駅,7,2K,2,7.6,練馬区旭町３
ファミリーテラス桜台C棟,有楽町線,氷川台駅,4,2DK,1,8.5,練馬区桜台３
成増第六シャトレマンション,有楽町線,地下鉄成増駅,5,2LDK,1,11.8,練馬区旭町３
7階建 築37年,銀座線,浅草駅,4,2DK,3,11,台東区花川戸１
木村アパート,千代田線,根津駅,3,2DK,2,7,文京区根津２
ヴィラ若宮,都営大江戸線,牛込神楽坂駅,4,2LDK,3,15.8,新宿区若宮町
富山ハイム,東西線,早稲田駅,5,2DK,2,12.5,新宿区弁天町
2階建 築49年,ＪＲ総武線,中野駅,5,2K,2,9,中野区中野２
マ・メゾン,ＪＲ中央線,荻窪駅,5,3DK,2,17.5,杉並区天沼３
志げる荘,千代田線,町屋駅,5,2K,2,7.5,荒川区町屋３
12階建 築38年,東西線,東陽町駅,5,3LDK,9,18.8,江東区南砂２
アンソレイエ小竹,有楽町線,小竹向原駅,5,2LDK,4,13.5,練馬区小竹町２
朝日九段マンション,東西線,九段下駅,2,2DK,2,12.3,千代田区九段北１
14階建 築55年,ＪＲ山手線,高田馬場駅,5,2LDK,4,16.3,新宿区下落合２
上山ビル,ＪＲ山手線,鶯谷駅,2,2K,4,8.3,台東区根岸３
5階建 築34年,丸ノ内線,方南町駅,3,2LDK,2,14,杉並区方南２
5階建 築45年,東西線,西葛西駅,4,2K,3,9,江戸川区西葛西３
パークサイド桜台,有楽町線,氷川台駅,5,3LDK,3,14,練馬区桜台３
バルトハイム,有楽町線,千川駅,4,2DK,2,9,豊島区要町３
真砂マンション,都営大江戸線,本郷三丁目駅,4,2LDK,5,12.3,文京区本郷４
バウムプラッツ,東西線,木場駅,5,2K,3,11.5,江東区木場６
14階建 築17年,有楽町線,要町駅,4,2K,7,11.8,豊島区西池袋５
コーポ水無月,東西線,落合駅,4,2K,1,8.4,新宿区上落合３
ツイン・コート,東西線,西葛西駅,3,2LDK,7,10.4,江戸川区西葛西３
エースフラット,東西線,神楽坂駅,3,2K,3,7.8,新宿区築地町
ファミ－ルＡ,副都心線,小竹向原駅,4,2K,2,8,板橋区小茂根１
市ヶ谷第２ローヤルコーポ,有楽町線,市ケ谷駅,4,2DK,3,10.9,新宿区市谷砂土原町１
AXAS駒込Luxease,ＪＲ山手線,駒込駅,4,2K,9,11.5,豊島区駒込１
永代クリニックビル,東西線,門前仲町駅,5,2K,3,9.5,江東区永代２
KDソシア,丸ノ内線,新高円寺駅,5,2DK,1,10.6,杉並区梅里１
PLUS OnE(プラスワン),ＪＲ山手線,五反田駅,5,2LDK,11,19.5,品川区上大崎３
近江マンション,ＪＲ山手線,池袋駅,5,2K,4,8,豊島区西池袋３
2階建 築35年,有楽町線,地下鉄赤塚駅,5,2DK,2,7.8,板橋区赤塚新町３
3階建 築39年,ＪＲ山手線,新宿駅,10,2DK,1,13.5,新宿区西新宿８
妙義坂マンション,ＪＲ山手線,駒込駅,3,2DK,5,11,豊島区駒込３
中葛西貸家2F,東西線,葛西駅,4,3K,2,9,江戸川区中葛西３
プラザサンタナカ１号棟,有楽町線,地下鉄成増駅,3,2DK,4,9.5,板橋区成増１
ＳＮビル,ＪＲ中央線,荻窪駅,3,2DK,3,12,杉並区荻窪４
コスモス神楽坂（ＲＣ）,東西線,神楽坂駅,3,2SK,1,9.2,新宿区赤城下町
コーポタナカ,有楽町線,地下鉄赤塚駅,5,2K,2,3.7,練馬区北町８
シャルマン・ヴィラージュ,東西線,葛西駅,4,3DK,7,13.1,江戸川区中葛西８
4階建 築57年,ＪＲ中央線,荻窪駅,5,2K,3,8.6,杉並区天沼３
シュロスにりん草,有楽町線,小竹向原駅,4,3DK,1-2,13.7,板橋区向原１
11階建 築41年,ＪＲ山手線,恵比寿駅,4,2DK,6,13,渋谷区恵比寿４
サンマイトC,有楽町線,千川駅,4,2K,2,7.5,豊島区千川１
ＧＳハイム東高円寺,丸ノ内線,東高円寺駅,5,2K,4,11.5,杉並区和田３
高田マンション,丸ノ内線,新高円寺駅,4,2K,2,9.9,杉並区松ノ木３
サンマイトD,有楽町線,千川駅,4,2K,2,7.9,豊島区千川１
Ｈａｒｃｈ荒川,千代田線,町屋駅,5,2DK,1-2,10,荒川区荒川４
高輪ホワイトマンション,都営浅草線,泉岳寺駅,1,2K,9,13.8,港区高輪２
地下1地上5階建 築38年,丸ノ内線,新中野駅,3,2LDK,2,17.5,中野区本町４
山秀マンション,東西線,葛西駅,5,2K,4,7.5,江戸川区中葛西３
ガーデンハイムB,副都心線,平和台駅,5,3DK,1,10.9,練馬区早宮２
ＭＥＺＯＮ　ＯＮＵＫＩ,千代田線,湯島駅,5,2K,4,11,文京区湯島４
富士見コーポ,ＪＲ山手線,田端駅,5,2K,1,5.8,北区田端６
コンフォリア・リヴ根岸二丁目,ＪＲ山手線,鶯谷駅,3,2K,5,10.8,台東区根岸２
4階建 築66年,日比谷線,神谷町駅,2,2LDK,4,16.9,港区虎ノ門３
クリスタル3,日比谷線,三ノ輪駅,3,2DK,3,8.8,荒川区東日暮里１
内田ビル,ＪＲ山手線,駒込駅,5,2DK,4,12,文京区本駒込５
7階建 築32年,千代田線,綾瀬駅,5,2DK,3,8.6,足立区綾瀬２
10階建 築35年,東西線,西葛西駅,4,2DK,8,10.4,江戸川区西葛西３
ヴィラ宇津木,東西線,早稲田駅,11,2DK,5,11.2,新宿区早稲田鶴巻町
9階建 築44年,丸ノ内線,本郷三丁目駅,3,2DK,4,15,文京区本郷３
7階建 築35年,ＪＲ山手線,御徒町駅,10,2LDK,5,15.9,文京区湯島２
地下2地上14階建 築46年,ＪＲ京浜東北線,王子駅,2,2LDK,2,15,北区王子１
戸塚ハイツ,丸ノ内線,南阿佐ケ谷駅,5,2K,3,8,杉並区阿佐谷南１
幸眞ビル,有楽町線,地下鉄成増駅,2,2DK,1,10.4,板橋区成増１
石塚アパート,千代田線,根津駅,3,2K,1,6.5,文京区根津２
11階建 築20年,ＪＲ京葉線,八丁堀駅,4,2DK,2,17.9,中央区新川２
高田マンション,ＪＲ山手線,高田馬場駅,4,2DK,2,10.5,豊島区高田３
10階建 築40年,ＪＲ京浜東北線,蒲田駅,3,2DK,7,12,大田区西蒲田８
オークマンション,日比谷線,三ノ輪駅,3,2DK,6,11,台東区根岸５
グリーンパーク,千代田線,千駄木駅,3,2DK,1,13.2,文京区千駄木３
岩崎ビル,ＪＲ常磐線,綾瀬駅,2,2DK,6,9.9,足立区綾瀬３
12階建 築50年,都営大江戸線,中野坂上駅,5,2LDK,9,11,中野区本町３
平和堂ビル,ＪＲ山手線,大塚駅,3,2DK,4,10,豊島区北大塚２
11階建 築28年,日比谷線,三ノ輪駅,4,2LDK,9,14.8,荒川区南千住１
メゾン淀橋,丸ノ内線,中野坂上駅,5,3LDK,3,18,中野区中央１
5階建 築50年,丸ノ内線,新高円寺駅,5,2DK,4,14.5,杉並区堀ノ内３
ストーク森山ビル,丸ノ内線,本郷三丁目駅,4,2DK,4,13,文京区本郷２
3階建 新築,丸ノ内線,方南町駅,4,2LDK,2,18,中野区南台５
アトレ・アイリィー,有楽町線,平和台駅,3,3DK,1,11.1,練馬区北町６
4階建 築52年,東西線,門前仲町駅,5,2DK,2,10,江東区富岡１
平和台グリーンハイツ,有楽町線,平和台駅,4,3DK,3,12.7,練馬区平和台４
春日マンション,千代田線,乃木坂駅,3,3DK,2,19,港区南青山１
メゾンアルファ,東西線,西葛西駅,4,2LDK,3,10,江戸川区西葛西７
地下1地上8階建 築41年,ＪＲ山手線,高田馬場駅,4,3LDK,6,16.3,新宿区高田馬場１
阿佐谷大同マンション,丸ノ内線,南阿佐ケ谷駅,2,2K,3,8.5,杉並区阿佐谷南１
4階建 築58年,丸ノ内線,南阿佐ケ谷駅,2,2K,2,8.5,杉並区阿佐谷南１
菊水荘,ＪＲ山手線,目白駅,4,2DK,4,8.7,新宿区下落合３
メトロ中野新橋マンションB館,丸ノ内線,中野新橋駅,2,2DK,2,11,中野区本町３
4階建 築46年,有楽町線,小竹向原駅,5,3DK,2,9.4,板橋区小茂根１
3階建 築46年,ＪＲ京浜東北線,王子駅,5,2K,2,7,北区豊島１
ロイヤルハイツ,丸ノ内線,南阿佐ケ谷駅,5,2DK,1,9.8,杉並区阿佐谷南１
レルム東駒形,都営浅草線,浅草駅,5,2DK,4-4,12,墨田区東駒形１
サンデックビル,有楽町線,地下鉄赤塚駅,5,3LDK,3,12.5,練馬区北町３
7階建 築51年,東西線,門前仲町駅,5,2DK,6,9.8,江東区永代２
2階建 築42年,千代田線,町屋駅,3,3K,-,13.2,荒川区町屋２
パルハイツ　（東和5丁目）,千代田線,北綾瀬駅,5,2DK,1,6.9,足立区東和５
ヴィルヌーブＫＯＮＯ,有楽町線,要町駅,3,3DK,1,15,豊島区西池袋５
パラシオン高円寺,丸ノ内線,東高円寺駅,4,2DK,3,11,杉並区梅里１
3階建 築24年,副都心線,小竹向原駅,3,2LDK,3,15,板橋区小茂根１
グランイーグル蒲田,ＪＲ京浜東北線,蒲田駅,3,3LDK,7,18.5,大田区蒲田５
清和マンション,都営三田線,春日駅,3,2DK,4,12.5,文京区本郷４
エクセレント豊受,丸ノ内線,新大塚駅,4,2K,3,10,豊島区南大塚２
コミネハイツ,丸ノ内線,新中野駅,4,2K,2,6.7,中野区中央３
10階建 築34年,東西線,西葛西駅,1,2DK,6,12,江戸川区西葛西５
12階建 築50年,東西線,東陽町駅,4,2LDK,9,18.5,江東区東陽４
熊谷ビル,銀座線,田原町駅,5,2K,3,8.2,台東区西浅草２
4階建 築42年,都営新宿線,曙橋駅,2,2K,4,7.5,新宿区荒木町
アーバンハイツ根岸,日比谷線,三ノ輪駅,1,2DK,4,9.8,台東区根岸５
サンテラス中野新橋,丸ノ内線,中野新橋駅,3,2K,4,7.8,中野区本町３
ルシマン月島,有楽町線,月島駅,4,2LDK,9,20,中央区月島１
コートハウス篠,副都心線,小竹向原駅,3,3LDK,1,14,練馬区小竹町２
綾瀬プルミエ,千代田線,綾瀬駅,3,2LDK,11,13.9,足立区綾瀬１
カスタリア北上野,日比谷線,入谷駅,2,2LDK,8,19.8,台東区北上野１
コ－ポサンフラワ－,千代田線,北綾瀬駅,5,2K,3,6.4,足立区加平１
カーサ・プリモ,有楽町線,平和台駅,2,2DK,4,12.3,練馬区早宮２
ハイムお茶の水３・４・５,ＪＲ総武線,御茶ノ水駅,5,2K,5,11,文京区本郷３
3階建 築35年,有楽町線,地下鉄成増駅,5,2DK,3,11,板橋区成増２
6階建 築40年,ＪＲ山手線,日暮里駅,5,2DK,5,11,荒川区東日暮里５
東陽町住宅,東西線,東陽町駅,5,3LDK,13,13,江東区東陽４
栄ビル,丸ノ内線,茗荷谷駅,4,3DK,3,19,文京区小石川５
HOUSE入谷,日比谷線,入谷駅,1,3LDK,-,13.5,台東区入谷１
4階建 築33年,ＪＲ中央線,荻窪駅,5,2LDK,3,13.5,杉並区上荻２
パークビュー東高円寺,丸ノ内線,東高円寺駅,3,2DK,8,10,杉並区高円寺南１
ハイム・デルムンド,ＪＲ山手線,大塚駅,4,2DK,2,12.5,豊島区南大塚１
10階建 築39年,丸ノ内線,中野坂上駅,4,2DK,5,12.3,中野区本町１
千駄木３丁目貸戸建,千代田線,千駄木駅,5,3SDK,-,16.5,文京区千駄木３
ヒルトップ３,東武東上線,成増駅,4,2K,1,6.3,板橋区成増２
新大塚共同住宅,丸ノ内線,新大塚駅,1,2LDK,9,15,豊島区東池袋５
小幡ハイツ,日比谷線,南千住駅,4,2K,2,6,荒川区南千住５
2階建 築61年,日比谷線,南千住駅,4,2K,2,6.8,荒川区南千住５
湯島武蔵野マンション,丸ノ内線,本郷三丁目駅,4,2K,1,8,文京区本郷３
第２三笠マンション,ＪＲ山手線,池袋駅,8,2K,4,9.1,豊島区西池袋５
グランドール白石,ＪＲ山手線,大塚駅,3,2DK,3,13.5,豊島区南大塚３
旭マンション,東西線,南砂町駅,5,2K,3,8.5,江東区南砂４
東武西池袋サンライトマンション,ＪＲ山手線,池袋駅,3,2K,2,10,豊島区西池袋３
10階建 築33年,東西線,西葛西駅,3,2LDK,5,15,江戸川区西葛西５
小竹ファミリーマンション,有楽町線,小竹向原駅,5,2DK,1,8.8,練馬区小竹町２
プリンセスハイツ東日暮里,ＪＲ山手線,日暮里駅,5,2DK,3,11.6,荒川区東日暮里６
11階建 築45年,ＪＲ京浜東北線,大井町駅,5,2SDK,7,15,品川区大井１
11階建 築35年,東西線,西葛西駅,2,2DK,11,11.8,江戸川区西葛西６
代々木パークライフ,小田急線,代々木八幡駅,4,2K,2,11,渋谷区元代々木町
中田ビル,ＪＲ中央線,荻窪駅,3,2LDK,5,15,杉並区荻窪４
田原町グリーンハイツ,銀座線,田原町駅,2,2DK,6,12.5,台東区雷門１
3階建 築59年,丸ノ内線,新高円寺駅,5,2K,3,7,杉並区高円寺南２
4階建 築50年,丸ノ内線,本郷三丁目駅,5,2K,2,8,文京区本郷５
エンゼルハイム神楽坂,東西線,神楽坂駅,5,2DK,2,12,新宿区赤城下町
5階建 築51年,丸ノ内線,中野富士見町駅,4,2K,4,6.8,中野区弥生町５
大野千川ビル,副都心線,千川駅,1,3DK,6,11.5,豊島区要町３
スカイマンション,有楽町線,地下鉄成増駅,4,2DK,2,9,板橋区成増２
市峰マンション,銀座線,田原町駅,4,2K,4,7,台東区西浅草２
フラット篠,有楽町線,要町駅,5,2DK,1,9.5,豊島区要町１
VILLA月島,都営大江戸線,月島駅,3,3DK,1,16,中央区佃３
鶯谷富士パーム,日比谷線,入谷駅,5,2DK,5,8.4,台東区根岸４
8階建 築43年,南北線,王子駅,4,2K,8,10.8,北区王子１
石川ビル,ＪＲ山手線,大崎駅,5,2K,3,12,品川区大崎４
大山ハウス,千代田線,代々木上原駅,4,2DK,1,10,渋谷区大山町
中野本町ローヤルコーポ,丸ノ内線,中野新橋駅,5,2K,1,8.7,中野区本町３
8階建 築6年,丸ノ内線,中野新橋駅,3,2LDK,4,16.8,中野区弥生町２
ボヌール音羽,有楽町線,江戸川橋駅,5,2K,4,12.5,文京区音羽１
地下1地上6階建 築28年,東西線,西葛西駅,5,3DK,4,11.6,江戸川区西葛西７
3階建 築35年,西武池袋線,桜台駅,12,3DK,1,12.1,練馬区桜台３
ライオンズマンション高田馬場第２,ＪＲ山手線,高田馬場駅,5,2LDK,3,19,新宿区高田馬場４
サァラ成増,東武東上線,成増駅,1,2DK,4,9.5,板橋区成増３
中央２丁目戸建　南,丸ノ内線,中野坂上駅,5,3DK,1,13.5,中野区中央２
塩住ビル,副都心線,地下鉄成増駅,1,2DK,8,10.5,板橋区成増１
SYFORME東池袋,有楽町線,東池袋駅,4,2K,4,14.3,豊島区東池袋５
中野ローヤルコーポ,東西線,中野駅,3,2K,4,7.8,中野区中野４
海老原ビル,南北線,駒込駅,5,2DK,2,11,北区西ケ原１
Ｃｉｒｃｏｌａｒｅ　Ａｙａｓｅ,千代田線,綾瀬駅,5,2DK,7,11.9,足立区綾瀬２
セザール西品川,ＪＲ山手線,大崎駅,5,2LDK,2,14,品川区西品川３
地下1地上13階建 築46年,東西線,九段下駅,3,2K,5,13,千代田区九段北１
村上コーポ,ＪＲ山手線,高田馬場駅,3,2DK,1,9.95,新宿区下落合１
MKビル,ＪＲ山手線,駒込駅,2,2K,3,10,豊島区駒込１
村上コ－ポ３Ｆ,ＪＲ山手線,高田馬場駅,4,2DK,3,10.25,新宿区下落合１
木村ハイツ,有楽町線,千川駅,5,2K,2,6.4,豊島区千早２
瀧澤ハウス,有楽町線,江戸川橋駅,3,3LDK,8,19,文京区関口１
4階建 築59年,東西線,木場駅,4,2K,2,7.5,江東区木場２
4階建 築26年,日比谷線,三ノ輪駅,4,2K,3,10,台東区三ノ輪１
